organo judicial;Fecha;Materia;Resumen;Pdf
Juzgado Contencioso-Administrativo n 15;03|01|2017;Impuestos;Desestimacion expresa de recurso de reposicion contra liquidacion de IIVTNU;http://archivo.ayto-arganda.es/DA/Jur/001_2017.pdf
Tribunal Superior de Justicia, Sala de lo Contencioso Administrativo, Sección  Segunda;18|01|2017;Industria;Desestimacion expresa de recurso de reposicion por sancion (licencia de apertura);http://archivo.ayto-arganda.es/DA/Jur/002_2017.pdf
Juzgado Contencioso-Administrativo n 21;27|01|2017;Responsabilidad Patrimonial;Desestimacion por silencio administrativo de reclamacion por daños en via publica;http://archivo.ayto-arganda.es/DA/Jur/003_2017.pdf
Juzgado Contencioso-Administrativo n 26;30|01|2017;Impuestos;Desestimacion expresa de recurso de reposicion contra liquidacion de IIVTNU;http://archivo.ayto-arganda.es/DA/Jur/004_2017.pdf
Juzgado Contencioso-Administrativo n 27;02|02|2017;Contratos;Facturas impagadas e Intereses de demora;http://archivo.ayto-arganda.es/DA/Jur/005_2017.pdf
Juzgado Contencioso-Administrativo n 27;17|02|2017;Impuestos;Desestimacion expresa de recurso de reposicion contra liquidacion de IIVTNU;http://archivo.ayto-arganda.es/DA/Jur/006_2017.pdf
Juzgado Contencioso-Administrativo n 11;23|02|2017;Festejos taurinos;Recurso contra imposicion de sancion por festejos taurinos;http://archivo.ayto-arganda.es/DA/Jur/007_2017.pdf
Juzgado Contencioso-Administrativo n 14;02|03|2017;Responsabilidad Patrimonial;Desestimacion por silencio administrativo de reclamacion por daños en vivienda;http://archivo.ayto-arganda.es/DA/Jur/008_2017.pdf
Tribunal Superior de Justicia, Sala de lo Contencioso Administrativo, Sección Octava;06|03|2017;Sanción;Desestimacion de solicitud sobre reintegro de subvencion FEDER;http://archivo.ayto-arganda.es/DA/Jur/009_2017.pdf
Juzgado Contencioso-Administrativo n 34;06|03|2017;Responsabilidad Patrimonial;Desestimacion por silencio administrativo de reclamacion por daños en local;http://archivo.ayto-arganda.es/DA/Jur/010_2017.pdf
Tribunal Superior de Justicia, Sala de lo Contencioso Administrativo, Sección Octava;14|03|2017;Ordenanzas;Publicacion incompleta de ordenanzas en BOCAM;http://archivo.ayto-arganda.es/DA/Jur/011_2017.pdf
Juzgado Contencioso-Administrativo nº 22;24|04|2017;Responsabilidad Patrimonial;Desestimacion por silencio administrativo de reclamacion por daños en vivienda;http://archivo.ayto-arganda.es/DA/Jur/012_2017.pdf
Juzgado Contencioso-Administrativo nº 10;03|05|2017;Impuestos;Desestimacion expresa de recurso de reposicion contra liquidacion de IIVTNU;http://archivo.ayto-arganda.es/DA/Jur/013_2017.pdf
Juzgado Contencioso-Administrativo nº 2;30|05|2017;Industria;Desestimacion expresa de recurso de reposicion por sancion (infraccion de horario);http://archivo.ayto-arganda.es/DA/Jur/014_2017.pdf
Juzgado Contencioso-Administrativo nº 34;30|05|2017;Régimen Interior;Denegacion de permisos retribuidos;http://archivo.ayto-arganda.es/DA/Jur/015_2017.pdf
Juzgado Contencioso-Administrativo nº 16;14|06|2017;Contratos;Reclamacion de intereses de demora por facturas impagadas;http://archivo.ayto-arganda.es/DA/Jur/016_2017.pdf
Juzgado Contencioso-Administrativo nº 4;19|06|2017;Urbanismo/Responsabilidad Patrimonial;Desestimacion por silencio administrativo de reclamacion por daños en vivienda;http://archivo.ayto-arganda.es/DA/Jur/017_2017.pdf
Juzgado Contencioso-Administrativo nº 18;20|06|2017;Impuestos;Desestimacion expresa de recurso de reposicion contra liquidacion de IIVTNU;http://archivo.ayto-arganda.es/DA/Jur/018_2017.pdf
Juzgado Contencioso-Administrativo nº 19;21|06|2017;Medio Ambiente;Inadmision de recurso de alzada contra expediente sancionador (poda de seto);http://archivo.ayto-arganda.es/DA/Jur/019_2017.pdf
Audiencia Provincial Civil, Sección Vigesimoquinta;04|07|2017;Contratos;Reclamacion de abono de factura retenida;http://archivo.ayto-arganda.es/DA/Jur/020_2017.pdf
Juzgado Contencioso-Administrativo nº 32;07|07|2017;Impuestos;Desestimacion de solicitud de devolucion de ingresos indebidos;http://archivo.ayto-arganda.es/DA/Jur/021_2017.pdf
Juzgado Contencioso-Administrativo nº 30;10|07|2017;Medio Ambiente;Desestimacion de recurso contra expediente sancionador;http://archivo.ayto-arganda.es/DA/Jur/022_2017.pdf
Juzgado Contencioso-Administrativo nº 34;20|07|2017;Industria;Desestimacion de recurso contra expediente sancionador;http://archivo.ayto-arganda.es/DA/Jur/023_2017.pdf
Juzgado Contencioso-Administrativo nº 25;21|07|2017;Impuestos;Expediente de compensacion de deudas;http://archivo.ayto-arganda.es/DA/Jur/024_2017.pdf
Juzgado Contencioso-Administrativo nº 14;05|10|2017;Impuestos;Desestimacion por silencio administrativo de recurso de Reposicion contra liquidacion de IIVTNU;http://archivo.ayto-arganda.es/DA/Jur/025_2017.pdf
Juzgado Contencioso-Administrativo nº 17;17|10|2017;Impuestos;Desestimacion expresa de solicitud de devolucion de ingresos indebidos (IBI);http://archivo.ayto-arganda.es/DA/Jur/026_2017.pdf
Juzgado Contencioso-Administrativo nº 3;31|10|2017;Responsabilidad Patrimonial;Desestimacion por silencio administrativo de reclamacion por daños en sotano;http://archivo.ayto-arganda.es/DA/Jur/027_2017.pdf
Juzgado Contencioso-Administrativo nº 3;13|11|2017;Impuestos;Desestimacion expresa de solicitud de devolucion de ingresos indebidos (IBI);http://archivo.ayto-arganda.es/DA/Jur/028_2017.pdf
Juzgado Contencioso-Administrativo nº 22;14|11|2017;Responsabilidad Patrimonial;Desestimacion por inactividad de reclamacion por daños en vehiculo;http://archivo.ayto-arganda.es/DA/Jur/029_2017.pdf
Juzgado Contencioso-Administrativo nº 3;20|11|2017;Responsabilidad Patrimonial;Desestimacion por silencio administrativo de reclamacion por daños en vivienda;http://archivo.ayto-arganda.es/DA/Jur/030_2017.pdf
Juzgado Contencioso-Administrativo nº 15;04|12|2017;Impuestos;Desestimacion expresa de solicitud de devolucion de ingresos indebidos (IBI);http://archivo.ayto-arganda.es/DA/Jur/031_2017.pdf
Juzgado Contencioso-Administrativo nº 14;12|12|2017;Industria;Desestimacion de peticion de suspension de medida cautelar (precinto de actividad);http://archivo.ayto-arganda.es/DA/Jur/032_2017.pdf
